id,title,score,num_comments,author,created_utc,url,over_18,edited,spoiler,stickied
1jjamf1,Separate file for SQL in python script?,41,61,thinkingatoms,2025-03-25 03:49:13,https://www.reddit.com/r/dataengineering/comments/1jjamf1/separate_file_for_sql_in_python_script/,False,False,False,False
1jjfpd7,Passed Microsoft DP-203 with 742/1000 â€“ Some Lessons Learned,33,7,raopheefah,2025-03-25 09:52:42,https://www.reddit.com/r/dataengineering/comments/1jjfpd7/passed_microsoft_dp203_with_7421000_some_lessons/,False,False,False,False
1jjpjlb,Sail MCP Server: Spark Analytics for LLM Agents,36,0,lake_sail,2025-03-25 17:51:54,https://github.com/lakehq/sail,False,False,False,False
1jjedpr,Where's the Timeseries AI?,15,10,Solvicode,2025-03-25 08:09:01,https://www.reddit.com/r/dataengineering/comments/1jjedpr/wheres_the_timeseries_ai/,False,False,False,False
1jj9dx1,Has anyone worked on Redshift to Snowflake migration?,8,16,OpportunityBrave6178,2025-03-25 02:41:48,https://www.reddit.com/r/dataengineering/comments/1jj9dx1/has_anyone_worked_on_redshift_to_snowflake/,False,False,False,False
1jjnxm9,Recommendations for Technical Data Engineering Conferences in Europe (2025),6,4,Agreeable-College364,2025-03-25 16:46:50,https://www.reddit.com/r/dataengineering/comments/1jjnxm9/recommendations_for_technical_data_engineering/,False,False,False,False
1jjjnl5,Do your teams have assigned QA resource?,7,13,wallyflops,2025-03-25 13:43:02,https://www.reddit.com/r/dataengineering/comments/1jjjnl5/do_your_teams_have_assigned_qa_resource/,False,False,False,False
1jjg934,Confused between software development and data engineering.,5,3,P18K,2025-03-25 10:30:29,https://www.reddit.com/r/dataengineering/comments/1jjg934/confused_between_software_development_and_data/,False,False,False,False
1jjgk4d,SWE to DE,3,7,crimbo_jimbo,2025-03-25 10:51:26,https://www.reddit.com/r/dataengineering/comments/1jjgk4d/swe_to_de/,False,False,False,False
1jjdeli,Astronomer,3,7,Ok-Security9722,2025-03-25 06:53:46,https://www.reddit.com/r/dataengineering/comments/1jjdeli/astronomer/,False,False,False,False
1jjh9yp,selfhosted Prefect - user management?,4,0,thsde,2025-03-25 11:37:16,https://www.reddit.com/r/dataengineering/comments/1jjh9yp/selfhosted_prefect_user_management/,False,False,False,False
1jjcimz,Engineering the Blueprint: A Comprehensive Guide to Prompts for AI Writing Planning Framework,2,0,drnick316,2025-03-25 05:48:22,https://medium.com/@SomethingaboutAI/engineering-the-blueprint-a-comprehensive-guide-to-prompts-for-ai-writing-planning-framework-8ac50c3fd458,False,False,False,False
1jju5c2,Need advice and/or resources for modern data pipelines,2,3,Seadhna,2025-03-25 20:57:46,https://www.reddit.com/r/dataengineering/comments/1jju5c2/need_advice_andor_resources_for_modern_data/,False,False,False,False
1jjmehk,Optimizing Iceberg Metadata Management in Large-Scale Datalakes,2,0,Worth-Lie-3432,2025-03-25 15:42:55,https://www.reddit.com/r/dataengineering/comments/1jjmehk/optimizing_iceberg_metadata_management_in/,False,False,False,False
1jjm6qq,Spark Bucketing on a subset of groupBy columns,2,8,TurboSmoothBrain,2025-03-25 15:34:01,https://www.reddit.com/r/dataengineering/comments/1jjm6qq/spark_bucketing_on_a_subset_of_groupby_columns/,False,False,False,False
1jjh8i1,"3rd episode of my free ""Data engineering with Fabric"" course in YouTube is live!",3,2,TybulOnAzure,2025-03-25 11:34:39,https://www.reddit.com/r/dataengineering/comments/1jjh8i1/3rd_episode_of_my_free_data_engineering_with/,False,False,False,False
1jjxwii,Breaking down Spark execution times,2,2,TurboSmoothBrain,2025-03-25 23:36:30,https://www.reddit.com/r/dataengineering/comments/1jjxwii/breaking_down_spark_execution_times/,False,False,False,False
1jjvkzs,I am working on a usecase which requires data to move from Google Bigquery to MongoDB. Need suggestions on how to upsert data instead of insert,1,10,Creative-Diamond4819,2025-03-25 21:57:04,https://www.reddit.com/r/dataengineering/comments/1jjvkzs/i_am_working_on_a_usecase_which_requires_data_to/,False,False,False,False
1jjsngi,Is there a tool combining natural language-to-SQL with a report builder?,1,3,FloRulGames,2025-03-25 19:57:12,https://www.reddit.com/r/dataengineering/comments/1jjsngi/is_there_a_tool_combining_natural_languagetosql/,False,False,False,False
1jjejm0,Storing chat logs for webapp,1,0,i_suggest_glock,2025-03-25 08:21:46,https://www.reddit.com/r/dataengineering/comments/1jjejm0/storing_chat_logs_for_webapp/,False,False,False,False
1jjpdse,Data Engineer VS QA Engineer,0,0,RonaldRegis,2025-03-25 17:45:29,https://www.reddit.com/r/dataengineering/comments/1jjpdse/data_engineer_vs_qa_engineer/,False,False,False,False
1jjffit,How to increase my visibility to hiring manager as a Jr?,0,1,Ok-Watercress-451,2025-03-25 09:31:21,https://www.reddit.com/r/dataengineering/comments/1jjffit/how_to_increase_my_visibility_to_hiring_manager/,False,False,False,False
1jj6s1z,Need data engineers help for input on open source ETL/ELT tool we are building,0,8,Puzzleheaded-Dot8208,2025-03-25 00:32:35,https://www.reddit.com/r/dataengineering/comments/1jj6s1z/need_data_engineers_help_for_input_on_open_source/,False,False,False,False
1jjdrro,Course dp203 is good enough or should know more ??,0,6,newtoreddit5656,2025-03-25 07:21:34,https://www.reddit.com/r/dataengineering/comments/1jjdrro/course_dp203_is_good_enough_or_should_know_more/,False,False,False,False
1jjgmqx,C++ vs Python,0,8,Karma-4U,2025-03-25 10:56:22,https://www.reddit.com/r/dataengineering/comments/1jjgmqx/c_vs_python/,False,False,False,False
1jjmvng,Are you coding with LLMs? What do you wish you knew about it?,0,3,Thinker_Assignment,2025-03-25 16:02:39,https://www.reddit.com/r/dataengineering/comments/1jjmvng/are_you_coding_with_llms_what_do_you_wish_you/,False,False,False,False
1jjpst8,Are Dashboards Dead? How AI Agents Are Rewriting the Future of Observability,0,2,Sea-Vermicelli5508,2025-03-25 18:02:07,https://xata.io/blog/are-ai-agents-the-future-of-observability,False,False,False,False
